AGGGCC,TGGGCC
CGGGCC,TGGGCC
TGGGCC,TGGGCC
GGGGCC,TGGGCC
NGGGCC,TGGGCC
TAGGCC,TGGGCC
TCGGCC,TGGGCC
TTGGCC,TGGGCC
TNGGCC,TGGGCC
TGAGCC,TGGGCC
TGCGCC,TGGGCC
TGTGCC,TGGGCC
TGNGCC,TGGGCC
TGGACC,TGGGCC
TGGCCC,TGGGCC
TGGTCC,TGGGCC
TGGNCC,TGGGCC
TGGGAC,TGGGCC
TGGGTC,TGGGCC
TGGGGC,TGGGCC
TGGGNC,TGGGCC
TGGGCA,TGGGCC
TGGGCT,TGGGCC
TGGGCG,TGGGCC
TGGGCN,TGGGCC
AATTCT,AATTCT
CATTCT,AATTCT
TATTCT,AATTCT
GATTCT,AATTCT
NATTCT,AATTCT
ACTTCT,AATTCT
ATTTCT,AATTCT
AGTTCT,AATTCT
ANTTCT,AATTCT
AAATCT,AATTCT
AACTCT,AATTCT
AAGTCT,AATTCT
AANTCT,AATTCT
AATACT,AATTCT
AATCCT,AATTCT
AATGCT,AATTCT
AATNCT,AATTCT
AATTAT,AATTCT
AATTTT,AATTCT
AATTGT,AATTCT
AATTNT,AATTCT
AATTCA,AATTCT
AATTCC,AATTCT
AATTCG,AATTCT
AATTCN,AATTCT
AAGACA,AAGACA
CAGACA,AAGACA
TAGACA,AAGACA
GAGACA,AAGACA
NAGACA,AAGACA
ACGACA,AAGACA
ATGACA,AAGACA
AGGACA,AAGACA
ANGACA,AAGACA
AAAACA,AAGACA
AACACA,AAGACA
AATACA,AAGACA
AANACA,AAGACA
AAGCCA,AAGACA
AAGTCA,AAGACA
AAGGCA,AAGACA
AAGNCA,AAGACA
AAGAAA,AAGACA
AAGATA,AAGACA
AAGAGA,AAGACA
AAGANA,AAGACA
AAGACC,AAGACA
AAGACT,AAGACA
AAGACG,AAGACA
AAGACN,AAGACA
AGGAAC,GGGAAC
CGGAAC,GGGAAC
TGGAAC,GGGAAC
GGGAAC,GGGAAC
NGGAAC,GGGAAC
GAGAAC,GGGAAC
GCGAAC,GGGAAC
GTGAAC,GGGAAC
GNGAAC,GGGAAC
GGAAAC,GGGAAC
GGCAAC,GGGAAC
GGTAAC,GGGAAC
GGNAAC,GGGAAC
GGGCAC,GGGAAC
GGGTAC,GGGAAC
GGGGAC,GGGAAC
GGGNAC,GGGAAC
GGGACC,GGGAAC
GGGATC,GGGAAC
GGGAGC,GGGAAC
GGGANC,GGGAAC
GGGAAA,GGGAAC
GGGAAT,GGGAAC
GGGAAG,GGGAAC
GGGAAN,GGGAAC