CTACAC,GTACAC
GTACAC,GTACAC
ATACAC,GTACAC
TTACAC,GTACAC
NTACAC,GTACAC
GCACAC,GTACAC
GGACAC,GTACAC
GAACAC,GTACAC
GNACAC,GTACAC
GTCCAC,GTACAC
GTGCAC,GTACAC
GTNCAC,GTACAC
GTTCAC,GTACAC
GTANAC,GTACAC
GTAGAC,GTACAC
GTAAAC,GTACAC
GTATAC,GTACAC
GTACCC,GTACAC
GTACGC,GTACAC
GTACNC,GTACAC
GTACTC,GTACAC
GTACAN,GTACAC
GTACAG,GTACAC
GTACAA,GTACAC
GTACAT,GTACAC
ACTGAT,TCTGAT
TCTGAT,TCTGAT
CCTGAT,TCTGAT
GCTGAT,TCTGAT
NCTGAT,TCTGAT
TATGAT,TCTGAT
TTTGAT,TCTGAT
TNTGAT,TCTGAT
TGTGAT,TCTGAT
TCAGAT,TCTGAT
TCNGAT,TCTGAT
TCCGAT,TCTGAT
TCGGAT,TCTGAT
TCTAAT,TCTGAT
TCTTAT,TCTGAT
TCTCAT,TCTGAT
TCTNAT,TCTGAT
TCTGNT,TCTGAT
TCTGTT,TCTGAT
TCTGCT,TCTGAT
TCTGGT,TCTGAT
TCTGAA,TCTGAT
TCTGAN,TCTGAT
TCTGAC,TCTGAT
TCTGAG,TCTGAT